Data;Zabieg
06.01.2019;masa¿ sportowy
08.04.2019;peeling cia³a
17.03.2019;peeling twarzy
10.10.2019;peeling twarzy
26.03.2019;masa¿ sportowy
05.08.2019;peeling cia³a
09.08.2019;masa¿ sportowy
07.08.2019;peeling cia³a
12.06.2019;peeling twarzy
06.10.2019;manicure
07.04.2019;peeling cia³a
06.08.2019;peeling cia³a
12.08.2019;masa¿ klasyczny
24.02.2019;peeling cia³a
14.12.2019;peeling twarzy
22.10.2019;masa¿ sportowy
27.05.2019;masa¿ klasyczny
19.02.2019;manicure
11.06.2019;peeling cia³a
08.11.2019;masa¿ sportowy
13.05.2019;manicure
07.02.2019;masa¿ sportowy
02.11.2019;masa¿ klasyczny
04.11.2019;pedicure
23.03.2019;peeling cia³a
22.08.2019;peeling cia³a
05.07.2019;masa¿ klasyczny
18.02.2019;masa¿ klasyczny
14.10.2019;pedicure
22.03.2019;masa¿ klasyczny
10.02.2019;masa¿ sportowy
13.06.2019;peeling twarzy
23.10.2019;masa¿ klasyczny
04.04.2019;masa¿ klasyczny
02.07.2019;masa¿ sportowy
02.11.2019;masa¿ klasyczny
21.12.2019;masa¿ sportowy
01.09.2019;masa¿ klasyczny
13.11.2019;pedicure
10.09.2019;masa¿ sportowy
22.12.2019;masa¿ klasyczny
16.06.2019;masa¿ klasyczny
05.09.2019;masa¿ klasyczny
25.11.2019;pedicure
02.11.2019;pedicure
16.10.2019;peeling cia³a
10.11.2019;peeling cia³a
04.03.2019;peeling cia³a
15.03.2019;masa¿ sportowy
14.01.2019;pedicure
16.10.2019;peeling twarzy
08.07.2019;peeling cia³a
23.11.2019;masa¿ klasyczny
19.01.2019;peeling cia³a
23.02.2019;peeling twarzy
03.03.2019;manicure
02.11.2019;manicure
28.09.2019;peeling twarzy
27.03.2019;pedicure
02.04.2019;peeling twarzy
04.02.2019;masa¿ klasyczny
16.01.2019;pedicure
30.10.2019;peeling twarzy
08.04.2019;masa¿ klasyczny
27.11.2019;peeling cia³a
26.03.2019;manicure
29.03.2019;manicure
09.02.2019;peeling cia³a
26.03.2019;pedicure
17.09.2019;pedicure
22.04.2019;masa¿ klasyczny
11.05.2019;peeling twarzy
21.01.2019;masa¿ klasyczny
23.01.2019;peeling cia³a
15.06.2019;manicure
01.12.2019;pedicure
16.05.2019;masa¿ klasyczny
24.07.2019;masa¿ klasyczny
19.04.2019;masa¿ sportowy
10.12.2019;masa¿ klasyczny
15.11.2019;masa¿ klasyczny
11.06.2019;masa¿ klasyczny
08.06.2019;pedicure
24.07.2019;pedicure
22.07.2019;pedicure
07.05.2019;pedicure
24.02.2019;pedicure
05.08.2019;masa¿ sportowy
25.12.2019;masa¿ sportowy
30.11.2019;manicure
04.07.2019;masa¿ sportowy
12.06.2019;peeling twarzy
30.09.2019;peeling twarzy
15.05.2019;manicure
30.01.2019;manicure
14.12.2019;peeling cia³a
23.09.2019;peeling cia³a
01.04.2019;masa¿ klasyczny
16.02.2019;masa¿ sportowy
19.01.2019;peeling cia³a
